{"cameraMode":{"drawMode":0,"name":"Shaded","section":"Shading Mode"},"sceneLighting":true,"audioPlay":false,"sceneViewState":{"m_AlwaysRefresh":false,"showFog":true,"showSkybox":true,"showFlares":true,"showImageEffects":true,"showParticleSystems":true,"showVisualEffectGraphs":true,"m_FxEnabled":true},"in2DMode":false,"pivot":{"x":187.9367218017578,"y":180.3417510986328,"z":206.33840942382813},"rotation":{"x":0.011625826358795166,"y":0.9881964921951294,"z":-0.09815238416194916,"w":0.11704917997121811},"size":422.67987060546877,"orthographic":true}